"id","first_name","last_name","email","gender","age"
"1","Clair","Skillern","cskillerng@nih.gov","Male","78"
"2","Eden","Wace","ewacee@marriott.com","Female","16"
"3","Eunice","Blakebrough","eblakebrough8@sohu.com","Female","45"
"4","Franz","Castello","fcastello6@1688.com","Male","25"
"5","Hasty","Perdue","hperdue5@qq.com","","77"
"6","Jorge","Tarney","jtarney7@ft.com","Male","77"
"7","Kenyon","Possek","kpossek1@ucoz.com","Male","12"
"8","Kerianne","Goacher","","Female","45"
"9","Kristopher","Frankcombe","kfrankcombe9@slate.com","Male","80"
"10","Lalo","Manifould","lmanifould2@pbs.org","Male","26"
"11","Luz","Lansdowne","llansdowneb@theguardian.com","Female","16"
"12","Mariel","Finnigan","mfinnigan0@usda.gov","Female","60"
"13","Mathew","Addicott","maddicotth@acquirethisname.com","Male","65"
"14","Maurits","Shawl","mshawlj@dmoz.org","Male","72"
"15","Modestia","Keble","mkeblec@cmu.edu","Female","91"
"16","Nickola","Carous","ncarous3@phoca.cz","Male","4"
"17","Norman","Dubbin","ndubbin4@wikipedia.org","Male","17"
"18","Palm","Domotor","pdomotora@github.io","Male","6"
"19","Stacee","Bovis","sbovisd@webeden.co.uk","Female","22"
"20","Tobias","Sherburn","tsherburnf@facebook.com","Male","2"
